날짜,매체,캠페인명,광고그룹명,소재명,제작월,채널구분,영상/이미지 구분,제품코드,광고종류,스킴명,대분류 포맷,소분류 연출,배리에이션 여부,지면 유형,상세연출(소재구분),프로젝트,파트 구분,마케터,집행시작일,본부 구분,PD/디자이너,노출,클릭,CTR (%),광고비 (KRW),CPC (KRW),전환수,CPA (KRW)
2026-06-13,Meta,[콘스프맛 팝콘] 26.05_콘스프맛팝콘출시_ASC_전환_video_네고형_0506,[콘스프맛 팝콘] 26.05_콘스프맛팝콘출시_ASC_전환_video_네고형_0506,[26.05]F_V_PC콘_전환_콘스프맛팝콘출시_네고형_네고형_main.릴스_공통.형민.형민PJ1_3C_박현지_260506_3T_이수민,[26.05],F,V,PC콘,전환,콘스프맛팝콘출시,네고형,네고형,main,릴스,공통,형민.형민PJ1,3C,박현지,260506,3T,이수민,21188,186,0.8779,196294.0,1055,34,5773
2026-06-13,Meta,[주말 특가] 26.05_팝콘주말특가_수동_전환_image,AI_주말특가,[26.05]F_I_제혼_전환_팝콘주말특가_혜택강조형_혜택.100_.배너_혜택O.다시는없어요.10%추가할인_확장_박현지_260529_2셀_오혜정,[26.05],F,I,제혼,전환,팝콘주말특가,혜택강조형,혜택.100,,배너,혜택O,다시는없어요.10%추가할인,확장,박현지,260529,2셀,오혜정,579,14,2.418,11908.0,851,1,11908
2026-06-13,Meta,[주말 특가] 26.05_팝콘주말특가_수동_전환_image,AI_주말특가 (6/11),[26.06]F_I_PF혼_전환_팝콘주말특가_혜택강조형__.배너_그외.금토일동안만.__박현지_260611_제과_김수정,[26.06],F,I,PF혼,전환,팝콘주말특가,혜택강조형,,,배너,그외,금토일동안만.,,박현지,260611,제과,김수정,45,2,4.4444,1418.0,709,0,0
2026-06-13,Meta,[주말 특가] 26.05_팝콘주말특가_수동_전환_image,AI_주말특가 (6/11),[26.06]F_I_PF혼_전환_팝콘주말특가_혜택강조형__.배너_악플.죄송합니다.__박현지_260611_제과_김수정,[26.06],F,I,PF혼,전환,팝콘주말특가,혜택강조형,,,배너,악플,죄송합니다.,,박현지,260611,제과,김수정,2615,59,2.2562,50267.0,852,5,10053
2026-06-13,Meta,[주말 특가] 26.05_팝콘주말특가_수동_전환_image,AI_주말특가 (6/11),[26.06]F_I_PF혼_전환_팝콘주말특가_혜택강조형__.배너_평일주말비교.영수증.__박현지_260611_제과_김수정,[26.06],F,I,PF혼,전환,팝콘주말특가,혜택강조형,,,배너,평일주말비교,영수증.,,박현지,260611,제과,김수정,67,1,1.4925,1386.0,1386,0,0
2026-06-13,Meta,[주말 특가] 26.05_팝콘주말특가_수동_전환_image,AI_주말특가 (6/11),[26.06]F_I_PF혼_전환_팝콘주말특가_혜택강조형__.배너_악플.사과문.__박현지_260611_제과_김수정,[26.06],F,I,PF혼,전환,팝콘주말특가,혜택강조형,,,배너,악플,사과문.,,박현지,260611,제과,김수정,1199,27,2.2519,24221.0,897,4,6055
2026-06-13,Meta,[주말 특가] 26.05_팝콘주말특가_수동_전환_image,AI_주말특가 (6/11),[26.06]F_I_PF혼_전환_팝콘주말특가_혜택강조형__.배너_평일주말비교.죄송합니다평일엔없어요.__박현지_260611_제과_김수정,[26.06],F,I,PF혼,전환,팝콘주말특가,혜택강조형,,,배너,평일주말비교,죄송합니다평일엔없어요.,,박현지,260611,제과,김수정,8,0,0.0,161.0,0,0,0
2026-06-13,Meta,[주말 특가] 26.05_팝콘주말특가_수동_전환_image,AI_주말특가 (6/11),[26.06]F_I_PF혼_전환_팝콘주말특가_혜택강조형__.배너_악플.이번엔진짜주말만.__박현지_260611_제과_김수정,[26.06],F,I,PF혼,전환,팝콘주말특가,혜택강조형,,,배너,악플,이번엔진짜주말만.,,박현지,260611,제과,김수정,194,9,4.6392,3880.0,431,1,3880
2026-06-13,Meta,[주말 특가] 26.05_팝콘주말특가_수동_전환_image,AI_주말특가 (6/11),[26.06]F_I_PF혼_전환_팝콘주말특가_혜택강조형__.배너_그외.일요일에종료됩니다..__박현지_260611_제과_김수정,[26.06],F,I,PF혼,전환,팝콘주말특가,혜택강조형,,,배너,그외,일요일에종료됩니다..,,박현지,260611,제과,김수정,7,0,0.0,123.0,0,0,0
2026-06-13,Meta,[주말 특가] 26.05_팝콘주말특가_수동_전환_image,AI_주말특가 (6/11),[26.06]F_I_PF혼_전환_팝콘주말특가_혜택강조형__.배너_평일주말비교.주말한정주말한정.__박현지_260611_제과_김수정,[26.06],F,I,PF혼,전환,팝콘주말특가,혜택강조형,,,배너,평일주말비교,주말한정주말한정.,,박현지,260611,제과,김수정,28,4,14.2857,614.0,154,0,0
2026-06-13,Meta,[주말 특가] 26.05_팝콘주말특가_수동_전환_image,AI_주말특가 (6/11),[26.06]F_I_PF혼_전환_팝콘주말특가_혜택강조형__.배너_평일주말비교.다시는없어요.__박현지_260611_제과_김수정,[26.06],F,I,PF혼,전환,팝콘주말특가,혜택강조형,,,배너,평일주말비교,다시는없어요.,,박현지,260611,제과,김수정,16,2,12.5,372.0,186,0,0
2026-06-13,Meta,[주말 특가] 26.05_팝콘주말특가_수동_전환_image,AI_주말특가 (6/11),[26.06]F_I_PF혼_전환_팝콘주말특가_혜택강조형__.배너_평일주말비교.주말지나면추가할인사라져요.__박현지_260611_제과_김수정,[26.06],F,I,PF혼,전환,팝콘주말특가,혜택강조형,,,배너,평일주말비교,주말지나면추가할인사라져요.,,박현지,260611,제과,김수정,5,0,0.0,189.0,0,0,0
2026-06-13,Meta,[주말 특가] 26.05_팝콘주말특가_수동_전환_image,AI_주말특가 (6/11),[26.06]F_I_PF혼_전환_팝콘주말특가_혜택강조형__.배너_평일주말비교.금토일에사면.__박현지_260611_제과_김수정,[26.06],F,I,PF혼,전환,팝콘주말특가,혜택강조형,,,배너,평일주말비교,금토일에사면.,,박현지,260611,제과,김수정,40,0,0.0,767.0,0,0,0
2026-06-13,Meta,[주말 특가] 26.05_팝콘주말특가_수동_전환_image,AI_주말특가 (6/11),[26.06]F_I_PF혼_전환_팝콘주말특가_혜택강조형__.배너_악플.스토리형.__박현지_260611_제과_김수정,[26.06],F,I,PF혼,전환,팝콘주말특가,혜택강조형,,,배너,악플,스토리형.,,박현지,260611,제과,김수정,377,8,2.122,5350.0,669,2,2675
2026-06-13,Meta,[주말 특가] 26.05_팝콘주말특가_수동_전환_image,담는족족_주말특가,[26.06]F_I_PC혼_전환_팝콘주말특가_혜택강조형__._페인포인트해소.주말만10%추가할인박스규모.__박현지_260612_제과_김수정,[26.06],F,I,PC혼,전환,팝콘주말특가,혜택강조형,,,,페인포인트해소,주말만10%추가할인박스규모.,,박현지,260612,제과,김수정,3,0,0.0,23.0,0,0,0
2026-06-13,Meta,[주말 특가] 26.05_팝콘주말특가_수동_전환_image,담는족족_주말특가,[26.06]F_I_PC혼_전환_팝콘주말특가_혜택강조형__.배너_페인포인트해소.이미구매하신분들죄송.__박현지_260612_제과_김수정,[26.06],F,I,PC혼,전환,팝콘주말특가,혜택강조형,,,배너,페인포인트해소,이미구매하신분들죄송.,,박현지,260612,제과,김수정,148,4,2.7027,3381.0,845,1,3381
2026-06-13,Meta,[주말 특가] 26.05_팝콘주말특가_수동_전환_image,담는족족_주말특가,[26.06]F_I_PC혼_전환_팝콘주말특가_혜택강조형__._페인포인트해소.간식값절반.__박현지_260612_제과_김수정,[26.06],F,I,PC혼,전환,팝콘주말특가,혜택강조형,,,,페인포인트해소,간식값절반.,,박현지,260612,제과,김수정,52,5,9.6154,1300.0,260,0,0
2026-06-13,Meta,[주말 특가] 26.05_팝콘주말특가_수동_전환_image,담는족족_주말특가,[26.06]F_I_PC혼_전환_팝콘주말특가_혜택강조형__._페인포인트해소.긴급지금입니다.__박현지_260612_제과_김수정,[26.06],F,I,PC혼,전환,팝콘주말특가,혜택강조형,,,,페인포인트해소,긴급지금입니다.,,박현지,260612,제과,김수정,139,1,0.7194,3394.0,3394,0,0
2026-06-13,Meta,[주말 특가] 26.05_팝콘주말특가_수동_전환_image,담는족족_주말특가,[26.06]F_I_PC혼_전환_팝콘주말특가_혜택강조형__._페인포인트해소.주말만10%추가할인.__박현지_260612_제과_김수정,[26.06],F,I,PC혼,전환,팝콘주말특가,혜택강조형,,,,페인포인트해소,주말만10%추가할인.,,박현지,260612,제과,김수정,661,17,2.5719,12982.0,764,2,6491
2026-06-13,Meta,[주말 특가] 26.05_팝콘주말특가_수동_전환_image,담는족족_주말특가,[26.06]F_I_PC혼_전환_팝콘주말특가_혜택강조형__._페인포인트해소.쌀때쟁이세요.__박현지_260612_제과_김수정,[26.06],F,I,PC혼,전환,팝콘주말특가,혜택강조형,,,,페인포인트해소,쌀때쟁이세요.,,박현지,260612,제과,김수정,179,7,3.9106,4051.0,579,0,0
2026-06-13,Meta,[주말특가] 26.05_팝콘주말특가_ASC_전환_video,[주말특가] 26.05_팝콘주말특가_ASC_전환_video,[26.05]F_V_PC콘_전환_팝콘주말특가_ai형__var20.배너_._3C_박현지_260528_3T_문형민,[26.05],F,V,PC콘,전환,팝콘주말특가,ai형,,var20,배너,,,3C,박현지,260528,3T,문형민,7,0,0.0,114.0,0,0,0
2026-06-13,Meta,[주말특가] 26.05_팝콘주말특가_ASC_전환_video,[주말특가] 26.05_팝콘주말특가_ASC_전환_video,[26.05]F_V_PC콘_전환_팝콘주말특가_ai형__var13.배너_._3C_박현지_260528_3T_문형민,[26.05],F,V,PC콘,전환,팝콘주말특가,ai형,,var13,배너,,,3C,박현지,260528,3T,문형민,12,0,0.0,101.0,0,0,0
2026-06-13,Meta,[주말특가] 26.05_팝콘주말특가_ASC_전환_video,[주말특가] 26.05_팝콘주말특가_ASC_전환_video,[26.05]F_V_PC콘_전환_팝콘주말특가_ai형__var18.배너_._3C_박현지_260528_3T_문형민,[26.05],F,V,PC콘,전환,팝콘주말특가,ai형,,var18,배너,,,3C,박현지,260528,3T,문형민,29,1,3.4483,787.0,787,0,0
2026-06-13,Meta,[주말특가] 26.05_팝콘주말특가_ASC_전환_video,[주말특가] 26.05_팝콘주말특가_ASC_전환_video,[26.05]F_V_PC콘_전환_팝콘주말특가_ai형__var5.배너_._3C_박현지_260528_3T_문형민,[26.05],F,V,PC콘,전환,팝콘주말특가,ai형,,var5,배너,,,3C,박현지,260528,3T,문형민,197,3,1.5228,4381.0,1460,0,0
2026-06-13,Meta,[주말특가] 26.05_팝콘주말특가_ASC_전환_video,[주말특가] 26.05_팝콘주말특가_ASC_전환_video,[26.06]F_V_제혼_전환_콘스프맛팝콘출시_신규BP_랩형BP_var1.릴스_해명.X_1P_박현지_260611_제과_이하림,[26.06],F,V,제혼,전환,콘스프맛팝콘출시,신규BP,랩형BP,var1,릴스,해명,X,1P,박현지,260611,제과,이하림,1,0,0.0,4.0,0,0,0
2026-06-13,Meta,[주말특가] 26.05_팝콘주말특가_ASC_전환_video,[주말특가] 26.05_팝콘주말특가_ASC_전환_video,[26.06]F_V_제혼_전환_콘스프맛팝콘출시_신규BP_변기BP_var1.릴스_맛후킹.X_1P_박현지_260612_제과_이하림,[26.06],F,V,제혼,전환,콘스프맛팝콘출시,신규BP,변기BP,var1,릴스,맛후킹,X,1P,박현지,260612,제과,이하림,45,0,0.0,497.0,0,0,0
2026-06-13,Meta,[주말특가] 26.05_팝콘주말특가_ASC_전환_video,[주말특가] 26.05_팝콘주말특가_ASC_전환_video,[26.06]F_V_제혼_전환_콘스프맛팝콘출시_신규BP_변기BP_main.릴스_메인.X_1P_박현지_260612_제과_이하림,[26.06],F,V,제혼,전환,콘스프맛팝콘출시,신규BP,변기BP,main,릴스,메인,X,1P,박현지,260612,제과,이하림,485,11,2.268,8105.0,737,0,0
2026-06-13,Meta,[주말특가] 26.05_팝콘주말특가_ASC_전환_video,[주말특가] 26.05_팝콘주말특가_ASC_전환_video,[26.06]F_V_제혼_전환_콘스프맛팝콘출시_신규BP_변기BP_var2.릴스_증량후킹.X_1P_박현지_260612_제과_이하림,[26.06],F,V,제혼,전환,콘스프맛팝콘출시,신규BP,변기BP,var2,릴스,증량후킹,X,1P,박현지,260612,제과,이하림,707,20,2.8289,8567.0,428,0,0
2026-06-13,Meta,[주말특가] 26.05_팝콘주말특가_ASC_전환_video,[주말특가] 26.05_팝콘주말특가_ASC_전환_video,[26.06]F_V_PC혼_전환_팝콘주말특가_직원리뷰형_직원리뷰형_var3.릴스_혜택.X_2P_윤영은_260612_제과_윤성미,[26.06],F,V,PC혼,전환,팝콘주말특가,직원리뷰형,직원리뷰형,var3,릴스,혜택,X,2P,윤영은,260612,제과,윤성미,5,1,20.0,39.0,39,0,0
2026-06-13,Meta,[주말특가] 26.05_팝콘주말특가_ASC_전환_video,[주말특가] 26.05_팝콘주말특가_ASC_전환_video,[26.06]F_V_PC혼_전환_팝콘주말특가_직원리뷰형_직원리뷰형_var2.릴스_증량.X_2P_윤영은_260612_제과_윤성미,[26.06],F,V,PC혼,전환,팝콘주말특가,직원리뷰형,직원리뷰형,var2,릴스,증량,X,2P,윤영은,260612,제과,윤성미,25,0,0.0,415.0,0,0,0
2026-06-13,Meta,[주말특가] 26.05_팝콘주말특가_ASC_전환_video,[주말특가] 26.05_팝콘주말특가_ASC_전환_video,[26.06]F_V_PC혼_전환_팝콘주말특가_직원리뷰형_직원리뷰형_var1.릴스_내돈내산.X_2P_윤영은_260612_제과_윤성미,[26.06],F,V,PC혼,전환,팝콘주말특가,직원리뷰형,직원리뷰형,var1,릴스,내돈내산,X,2P,윤영은,260612,제과,윤성미,23,0,0.0,360.0,0,0,0
2026-06-13,Meta,[주말특가] 26.05_팝콘주말특가_ASC_전환_video,[주말특가] 26.05_팝콘주말특가_ASC_전환_video,[26.06]F_V_PC혼_전환_팝콘주말특가_직원리뷰형_직원리뷰형_main.릴스_본론.X_2P_윤영은_260612_제과_윤성미,[26.06],F,V,PC혼,전환,팝콘주말특가,직원리뷰형,직원리뷰형,main,릴스,본론,X,2P,윤영은,260612,제과,윤성미,144,3,2.0833,2587.0,862,0,0
2026-06-13,Meta,[주말특가] 26.05_팝콘주말특가_ASC_전환_video,[주말특가] 26.05_팝콘주말특가_ASC_전환_video,[26.06]F_V_PC혼_전환_팝콘주말특가_직원리뷰형_직원리뷰형_var4.릴스_한정성.X_2P_윤영은_260612_제과_윤성미,[26.06],F,V,PC혼,전환,팝콘주말특가,직원리뷰형,직원리뷰형,var4,릴스,한정성,X,2P,윤영은,260612,제과,윤성미,45,0,0.0,985.0,0,0,0
2026-06-13,Meta,[주말특가] 26.05_팝콘주말특가_ASC_전환_video,[주말특가] 26.05_팝콘주말특가_ASC_전환_video,[26.06]F_V_PC콘_전환_팝콘주말특가_원데이건_슈퍼포우BP_main.릴스_본론.X_2P_윤성미_260612_제과_윤성미,[26.06],F,V,PC콘,전환,팝콘주말특가,원데이건,슈퍼포우BP,main,릴스,본론,X,2P,윤성미,260612,제과,윤성미,5,0,0.0,150.0,0,0,0
2026-06-13,Meta,[주말특가] 26.05_팝콘주말특가_ASC_전환_video,[주말특가] 26.05_팝콘주말특가_ASC_전환_video,[26.06]F_V_PC콘_전환_팝콘주말특가_원데이건_슈퍼포우BP_var1.릴스_혜택.X_2P_윤성미_260612_제과_윤성미,[26.06],F,V,PC콘,전환,팝콘주말특가,원데이건,슈퍼포우BP,var1,릴스,혜택,X,2P,윤성미,260612,제과,윤성미,9,0,0.0,221.0,0,0,0
2026-06-13,Meta,[주말특가] 26.05_팝콘주말특가_ASC_전환_video,[주말특가] 26.05_팝콘주말특가_ASC_전환_video,[26.06]F_V_PC콘_전환_팝콘주말특가_원데이건_슈퍼포우BP_var2.릴스_한정성.X_2P_윤성미_260612_제과_윤성미,[26.06],F,V,PC콘,전환,팝콘주말특가,원데이건,슈퍼포우BP,var2,릴스,한정성,X,2P,윤성미,260612,제과,윤성미,2,0,0.0,20.0,0,0,0
2026-06-13,Meta,[주말특가] 26.05_팝콘주말특가_수동_전환_video,고효율AI_주말특가,[26.05]F_V_PC콘_전환_팝콘주말특가_ai형__var12.배너_._3C_박현지_260528_3T_문형민,[26.05],F,V,PC콘,전환,팝콘주말특가,ai형,,var12,배너,,,3C,박현지,260528,3T,문형민,146,1,0.6849,3098.0,3098,0,0
2026-06-13,Meta,[주말특가] 26.05_팝콘주말특가_수동_전환_video,고효율AI_주말특가,[26.05]F_V_PC콘_전환_팝콘주말특가_ai형__var15.배너_._3C_박현지_260528_3T_문형민,[26.05],F,V,PC콘,전환,팝콘주말특가,ai형,,var15,배너,,,3C,박현지,260528,3T,문형민,81,1,1.2346,1885.0,1885,0,0
2026-06-13,Meta,[주말특가] 26.05_팝콘주말특가_수동_전환_video,고효율AI_주말특가,[26.05]F_V_PC콘_전환_팝콘주말특가_ai형__var22.배너_._3C_박현지_260528_3T_문형민,[26.05],F,V,PC콘,전환,팝콘주말특가,ai형,,var22,배너,,,3C,박현지,260528,3T,문형민,45,1,2.2222,502.0,502,0,0
2026-06-13,Meta,[주말특가] 26.05_팝콘주말특가_수동_전환_video,쩜오_주말특가,[26.06]F_V_제혼_전환_콘스프맛팝콘출시_신규BP_랩형BP_main.릴스_메인.X_1P_박현지_260611_제과_이하림,[26.06],F,V,제혼,전환,콘스프맛팝콘출시,신규BP,랩형BP,main,릴스,메인,X,1P,박현지,260611,제과,이하림,1726,81,4.6929,28597.0,353,6,4766
2026-06-13,Meta,[주말특가] 26.05_팝콘주말특가_수동_전환_video,쩜오_주말특가,[26.06]F_V_제혼_전환_콘스프맛팝콘출시_신규BP_변기BP_main.릴스_메인.X_1P_박현지_260612_제과_이하림,[26.06],F,V,제혼,전환,콘스프맛팝콘출시,신규BP,변기BP,main,릴스,메인,X,1P,박현지,260612,제과,이하림,1393,28,2.0101,17325.0,619,1,17325
2026-06-13,Meta,[주말특가] 26.05_팝콘주말특가_수동_전환_video,쩜오_주말특가,[26.06]F_V_제혼_전환_콘스프맛팝콘출시_신규BP_변기BP_var1.릴스_맛후킹.X_1P_박현지_260612_제과_이하림,[26.06],F,V,제혼,전환,콘스프맛팝콘출시,신규BP,변기BP,var1,릴스,맛후킹,X,1P,박현지,260612,제과,이하림,333,11,3.3033,5868.0,533,0,0
2026-06-13,Meta,[주말특가] 26.05_팝콘주말특가_수동_전환_video,쩜오_주말특가,[26.06]F_V_제혼_전환_콘스프맛팝콘출시_신규BP_변기BP_var2.릴스_증량후킹.X_1P_박현지_260612_제과_이하림,[26.06],F,V,제혼,전환,콘스프맛팝콘출시,신규BP,변기BP,var2,릴스,증량후킹,X,1P,박현지,260612,제과,이하림,28273,743,2.6279,334354.0,450,73,4580
2026-06-13,Meta,[주말특가] 26.05_팝콘주말특가_수동_전환_video,고효율AI_주말특가,[26.06]F_V_PC혼_전환_팝콘주말특가_직원리뷰형_직원리뷰형_var3.릴스_혜택.X_2P_윤영은_260612_제과_윤성미,[26.06],F,V,PC혼,전환,팝콘주말특가,직원리뷰형,직원리뷰형,var3,릴스,혜택,X,2P,윤영은,260612,제과,윤성미,25,0,0.0,325.0,0,0,0
2026-06-13,Meta,[주말특가] 26.05_팝콘주말특가_수동_전환_video,고효율AI_주말특가,[26.06]F_V_PC혼_전환_팝콘주말특가_직원리뷰형_직원리뷰형_var2.릴스_증량.X_2P_윤영은_260612_제과_윤성미,[26.06],F,V,PC혼,전환,팝콘주말특가,직원리뷰형,직원리뷰형,var2,릴스,증량,X,2P,윤영은,260612,제과,윤성미,405,9,2.2222,9006.0,1001,4,2252
2026-06-13,Meta,[주말특가] 26.05_팝콘주말특가_수동_전환_video,고효율AI_주말특가,[26.06]F_V_PC혼_전환_팝콘주말특가_직원리뷰형_직원리뷰형_main.릴스_본론.X_2P_윤영은_260612_제과_윤성미,[26.06],F,V,PC혼,전환,팝콘주말특가,직원리뷰형,직원리뷰형,main,릴스,본론,X,2P,윤영은,260612,제과,윤성미,415,8,1.9277,8362.0,1045,1,8362
2026-06-13,Meta,[주말특가] 26.05_팝콘주말특가_수동_전환_video,고효율AI_주말특가,[26.06]F_V_PC혼_전환_팝콘주말특가_직원리뷰형_직원리뷰형_var1.릴스_내돈내산.X_2P_윤영은_260612_제과_윤성미,[26.06],F,V,PC혼,전환,팝콘주말특가,직원리뷰형,직원리뷰형,var1,릴스,내돈내산,X,2P,윤영은,260612,제과,윤성미,426,4,0.939,5785.0,1446,1,5785
2026-06-13,Meta,[주말특가] 26.05_팝콘주말특가_수동_전환_video,고효율AI_주말특가,[26.06]F_V_PC혼_전환_팝콘주말특가_직원리뷰형_직원리뷰형_var4.릴스_한정성.X_2P_윤영은_260612_제과_윤성미,[26.06],F,V,PC혼,전환,팝콘주말특가,직원리뷰형,직원리뷰형,var4,릴스,한정성,X,2P,윤영은,260612,제과,윤성미,78,3,3.8462,1747.0,582,1,1747
2026-06-13,Meta,[주말특가] 26.05_팝콘주말특가_수동_전환_video,쩜오_주말특가,[26.06]F_V_PC콘_전환_팝콘주말특가_원데이건_슈퍼포우BP_var2.릴스_한정성.X_2P_윤성미_260612_제과_윤성미,[26.06],F,V,PC콘,전환,팝콘주말특가,원데이건,슈퍼포우BP,var2,릴스,한정성,X,2P,윤성미,260612,제과,윤성미,47,8,17.0213,1036.0,130,0,0
2026-06-13,Meta,[주말특가] 26.05_팝콘주말특가_수동_전환_video,쩜오_주말특가,[26.06]F_V_PC콘_전환_팝콘주말특가_원데이건_슈퍼포우BP_main.릴스_본론.X_2P_윤성미_260612_제과_윤성미,[26.06],F,V,PC콘,전환,팝콘주말특가,원데이건,슈퍼포우BP,main,릴스,본론,X,2P,윤성미,260612,제과,윤성미,13,2,15.3846,150.0,75,0,0
2026-06-13,Meta,[주말특가] 26.05_팝콘주말특가_수동_전환_video,쩜오_주말특가,[26.06]F_V_PC콘_전환_팝콘주말특가_원데이건_슈퍼포우BP_var1.릴스_혜택.X_2P_윤성미_260612_제과_윤성미,[26.06],F,V,PC콘,전환,팝콘주말특가,원데이건,슈퍼포우BP,var1,릴스,혜택,X,2P,윤성미,260612,제과,윤성미,27,0,0.0,817.0,0,0,0
2026-06-13,Meta,[주말특가] 26.05_팝콘주말특가_수동_전환_video,고효율AI_주말특가,[26.05]F_V_PC콘_전환_팝콘주말특가_ai형__var4.배너_._3C_박현지_260528_3T_문형민,[26.05],F,V,PC콘,전환,팝콘주말특가,ai형,,var4,배너,,,3C,박현지,260528,3T,문형민,608,5,0.8224,14082.0,2816,0,0
2026-06-13,Meta,[콘스프맛 팝콘] 26.05_콘스프맛팝콘출시_ASC_전환_image/video_전체타겟_5월 1주차 고효율,[콘스프맛 팝콘] 26.05_콘스프맛팝콘출시_ASC_전환_image/video_전체타겟_ 5월1주차_고효율 재러닝,[26.05]F_V_PC콘_전환_콘스프맛팝콘출시_네고형_네고형_main.릴스_공통.형민.형민PJ1_3C_박현지_260506_3T_이수민,[26.05],F,V,PC콘,전환,콘스프맛팝콘출시,네고형,네고형,main,릴스,공통,형민.형민PJ1,3C,박현지,260506,3T,이수민,46200,455,0.9848,409969.0,901,73,5616
2026-06-13,Meta,[콘스프맛 팝콘] 26.05_콘스프맛팝콘출시_ASC_전환_image/video_전체타겟_5월 1주차 고효율,[콘스프맛 팝콘] 26.05_콘스프맛팝콘출시_ASC_전환_image/video_전체타겟_ 5월1주차_고효율 재러닝,[26.05]F_V_PC콘_전환_콘스프맛팝콘출시_네고형_지인네고형_var2.릴스_취식후킹.X_4C_이유빈_260506_1T_강다빈,[26.05],F,V,PC콘,전환,콘스프맛팝콘출시,네고형,지인네고형,var2,릴스,취식후킹,X,4C,이유빈,260506,1T,강다빈,284,6,2.1127,4151.0,692,0,0
2026-06-13,Meta,[저당 바나나콘] 26.05_바나나콘출시_수동_전환_image_전체타겟,혜택강조_콘스낵위크 (~6/18),[26.06]F_I_PF혼_전환_콘스낵위크_혜택강조형_고효율_.배너_쌀때쟁이세요.__이유빈_260611_제과_문다현,[26.06],F,I,PF혼,전환,콘스낵위크,혜택강조형,고효율,,배너,쌀때쟁이세요,,,이유빈,260611,제과,문다현,697,19,2.726,15998.0,842,1,15998
2026-06-13,Meta,[저당 바나나콘] 26.05_바나나콘출시_수동_전환_image_전체타겟,혜택강조_콘스낵위크 (~6/18),[26.06]F_I_PF혼_전환_콘스낵위크_혜택강조형_고효율_.배너_사과문.__이유빈_260611_제과_문다현,[26.06],F,I,PF혼,전환,콘스낵위크,혜택강조형,고효율,,배너,사과문,,,이유빈,260611,제과,문다현,19,0,0.0,599.0,0,0,0
2026-06-13,Meta,[저당 바나나콘] 26.05_바나나콘출시_수동_전환_image_전체타겟,혜택강조_콘스낵위크 (~6/18),[26.06]F_I_PF혼_전환_콘스낵위크_제품강조형_고효율_.배너_스토리형.깜짝놀랐어요.__이유빈_260611_제과_문다현,[26.06],F,I,PF혼,전환,콘스낵위크,제품강조형,고효율,,배너,스토리형,깜짝놀랐어요.,,이유빈,260611,제과,문다현,63,0,0.0,1417.0,0,0,0
2026-06-13,Meta,[저당 바나나콘] 26.05_바나나콘출시_수동_전환_image_전체타겟,혜택강조_콘스낵위크 (~6/18),[26.06]F_I_PF혼_전환_콘스낵위크_혜택강조형_고효율_.배너_미리구매하신분들죄송합니다.__이유빈_260611_제과_문다현,[26.06],F,I,PF혼,전환,콘스낵위크,혜택강조형,고효율,,배너,미리구매하신분들죄송합니다,,,이유빈,260611,제과,문다현,12,0,0.0,296.0,0,0,0
2026-06-13,Meta,[저당 바나나콘] 26.05_바나나콘출시_수동_전환_image_전체타겟,혜택강조_콘스낵위크 (~6/18),[26.06]F_I_PF혼_전환_콘스낵위크_혜택강조형_고효율_.배너_2만원쿠폰팩.다시는없어요배리.__이유빈_260611_제과_문다현,[26.06],F,I,PF혼,전환,콘스낵위크,혜택강조형,고효율,,배너,2만원쿠폰팩,다시는없어요배리.,,이유빈,260611,제과,문다현,2,0,0.0,107.0,0,0,0
2026-06-13,Meta,[저당 바나나콘] 26.05_바나나콘출시_수동_전환_image_전체타겟,혜택강조_콘스낵위크 (~6/18),[26.06]F_I_PF혼_전환_콘스낵위크_혜택강조형_고효율_.배너_2만원쿠폰팩받고시작.__이유빈_260611_제과_문다현,[26.06],F,I,PF혼,전환,콘스낵위크,혜택강조형,고효율,,배너,2만원쿠폰팩받고시작,,,이유빈,260611,제과,문다현,53,0,0.0,1783.0,0,0,0
2026-06-13,Meta,[저당 바나나콘] 26.05_바나나콘출시_수동_전환_image_전체타겟,혜택강조_콘스낵위크 (~6/18),[26.06]F_I_PF혼_전환_콘스낵위크_혜택강조형_고효율_.릴스_달달꼬소.바나나우유.2만원쿠폰팩.__이유빈_260612_제과_문다현,[26.06],F,I,PF혼,전환,콘스낵위크,혜택강조형,고효율,,릴스,달달꼬소,바나나우유.2만원쿠폰팩.,,이유빈,260612,제과,문다현,151,1,0.6623,2555.0,2555,0,0
2026-06-13,Meta,[저당 바나나콘] 26.05_바나나콘출시_수동_전환_image_전체타겟,혜택강조_콘스낵위크 (~6/18),[26.06]F_I_PF혼_전환_콘스낵위크_혜택강조형_고효율_.릴스_2만원쿠폰팩상륙.한세트만사도.무조건할인.__이유빈_260612_제과_문다현,[26.06],F,I,PF혼,전환,콘스낵위크,혜택강조형,고효율,,릴스,2만원쿠폰팩상륙,한세트만사도.무조건할인.,,이유빈,260612,제과,문다현,1979,13,0.6569,31151.0,2396,3,10384
2026-06-13,Meta,[저당 바나나콘] 26.05_바나나콘출시_수동_전환_image_전체타겟,혜택강조_콘스낵위크 (~6/18),[26.06]F_I_PF혼_전환_콘스낵위크_혜택강조형_고효율_.릴스_비상.넘치는중.한세트만사도.할인쿠폰.__이유빈_260612_제과_문다현,[26.06],F,I,PF혼,전환,콘스낵위크,혜택강조형,고효율,,릴스,비상,넘치는중.한세트만사도.할인쿠폰.,,이유빈,260612,제과,문다현,679,13,1.9146,14195.0,1092,3,4732
2026-06-13,Meta,[저당 바나나콘] 26.05_바나나콘출시_수동_전환_image_전체타겟,혜택강조_콘스낵위크 (~6/18),[26.06]F_I_PF혼_전환_콘스낵위크_혜택강조형_고효율_.릴스_요즘가장핫한조합.2만원쿠폰팩.__이유빈_260612_제과_문다현,[26.06],F,I,PF혼,전환,콘스낵위크,혜택강조형,고효율,,릴스,요즘가장핫한조합,2만원쿠폰팩.,,이유빈,260612,제과,문다현,527,5,0.9488,8652.0,1730,0,0
2026-06-13,Meta,[저당 바나나콘] 26.05_바나나콘출시_수동_전환_image_전체타겟,혜택강조_콘스낵위크 (~6/18),[26.06]F_I_PF혼_전환_콘스낵위크_혜택강조형_고효율_.릴스_이렇게많이주는데.한세트만사도.할인쿠폰.__이유빈_260612_제과_문다현,[26.06],F,I,PF혼,전환,콘스낵위크,혜택강조형,고효율,,릴스,이렇게많이주는데,한세트만사도.할인쿠폰.,,이유빈,260612,제과,문다현,43,0,0.0,1722.0,0,0,0
2026-06-13,Meta,[저당 바나나콘] 26.05_바나나콘출시_수동_전환_image_전체타겟,혜택강조_콘스낵위크 (~6/18),[26.06]F_I_PF혼_전환_콘스낵위크_혜택강조형_고효율_.릴스_달달꼬소.바나나우유.2만원쿠폰팩.__이유빈_260612_제과_문다현,[26.06],F,I,PF혼,전환,콘스낵위크,혜택강조형,고효율,,릴스,달달꼬소,바나나우유.2만원쿠폰팩.,,이유빈,260612,제과,문다현,351,2,0.5698,6442.0,3221,0,0
2026-06-13,Meta,[저당 바나나콘] 26.05_바나나콘출시_수동_전환_image_전체타겟,혜택강조_콘스낵위크 (~6/18),[26.06]F_I_PF혼_전환_콘스낵위크_혜택강조형_고효율_.릴스_이렇게많이주는데.한세트만사도.할인쿠폰.__이유빈_260612_제과_문다현,[26.06],F,I,PF혼,전환,콘스낵위크,혜택강조형,고효율,,릴스,이렇게많이주는데,한세트만사도.할인쿠폰.,,이유빈,260612,제과,문다현,34,1,2.9412,753.0,753,0,0
2026-06-13,Meta,[저당 바나나콘] 26.05_바나나콘출시_수동_전환_image_전체타겟,혜택강조_콘스낵위크 (~6/18),[26.06]F_I_PF혼_전환_콘스낵위크_혜택강조형_고효율_.릴스_비상.넘치는중.한세트만사도.할인쿠폰.__이유빈_260612_제과_문다현,[26.06],F,I,PF혼,전환,콘스낵위크,혜택강조형,고효율,,릴스,비상,넘치는중.한세트만사도.할인쿠폰.,,이유빈,260612,제과,문다현,38,0,0.0,513.0,0,0,0
2026-06-13,Meta,[저당 바나나콘] 26.05_바나나콘출시_수동_전환_image_전체타겟,혜택강조_콘스낵위크 (~6/18),[26.06]F_I_PF혼_전환_콘스낵위크_혜택강조형_고효율_.릴스_2만원쿠폰팩상륙.한세트만사도.무조건할인.__이유빈_260612_제과_문다현,[26.06],F,I,PF혼,전환,콘스낵위크,혜택강조형,고효율,,릴스,2만원쿠폰팩상륙,한세트만사도.무조건할인.,,이유빈,260612,제과,문다현,388,4,1.0309,6005.0,1501,0,0
2026-06-13,Meta,[저당 바나나콘] 26.05_바나나콘출시_수동_전환_image_전체타겟,혜택강조_콘스낵위크 (~6/18),[26.06]F_I_PF혼_전환_콘스낵위크_혜택강조형_고효율_.릴스_요즘가장핫한조합.2만원쿠폰팩.__이유빈_260612_제과_문다현,[26.06],F,I,PF혼,전환,콘스낵위크,혜택강조형,고효율,,릴스,요즘가장핫한조합,2만원쿠폰팩.,,이유빈,260612,제과,문다현,15,0,0.0,283.0,0,0,0
2026-06-13,Meta,[저당 바나나콘] 26.05_바나나콘출시_수동_전환_image_전체타겟,혜택강조_콘스낵위크 (~6/18),[26.06]F_I_PF혼_전환_콘스낵위크_혜택강조형_고효율_.배너_모든분들.하나만담아도.쿠폰팩딱지.__이유빈_260612_제과_문다현,[26.06],F,I,PF혼,전환,콘스낵위크,혜택강조형,고효율,,배너,모든분들,하나만담아도.쿠폰팩딱지.,,이유빈,260612,제과,문다현,37,0,0.0,1660.0,0,0,0
2026-06-13,Meta,[저당 바나나콘] 26.05_바나나콘출시_수동_전환_image_전체타겟,혜택강조_콘스낵위크 (~6/18),[26.06]F_I_PF혼_전환_콘스낵위크_제품강조형_고효율_.배너_긴급공지올립니다.담을수록할인업.할인액상승화살표.__이유빈_260612_제과_문다현,[26.06],F,I,PF혼,전환,콘스낵위크,제품강조형,고효율,,배너,긴급공지올립니다,담을수록할인업.할인액상승화살표.,,이유빈,260612,제과,문다현,8,0,0.0,205.0,0,0,0
2026-06-13,Meta,[저당 바나나콘] 26.05_바나나콘출시_수동_전환_image_전체타겟,혜택강조_콘스낵위크 (~6/18),[26.06]F_I_PF혼_전환_콘스낵위크_혜택강조형_고효율_.배너_일주일만마진포기.쟁임컷.담을수록커지는.__이유빈_260612_제과_문다현,[26.06],F,I,PF혼,전환,콘스낵위크,혜택강조형,고효율,,배너,일주일만마진포기,쟁임컷.담을수록커지는.,,이유빈,260612,제과,문다현,54,0,0.0,1276.0,0,0,0
2026-06-13,Meta,[저당 바나나콘] 26.05_바나나콘출시_수동_전환_image_전체타겟,혜택강조_콘스낵위크 (~6/18),[26.06]F_I_PF혼_전환_콘스낵위크_제품강조형_고효율_.배너_마진포기.담을수록커지는.2만원쿠폰팩.__이유빈_260612_제과_문다현,[26.06],F,I,PF혼,전환,콘스낵위크,제품강조형,고효율,,배너,마진포기,담을수록커지는.2만원쿠폰팩.,,이유빈,260612,제과,문다현,108,2,1.8519,2628.0,1314,0,0
2026-06-13,Meta,[저당 바나나콘] 26.05_바나나콘출시_수동_전환_image_전체타겟,혜택강조_콘스낵위크 (~6/18),[26.06]F_I_PF혼_전환_콘스낵위크_혜택강조형_고효율_.배너_네컷.한세트만담아도무조건할인.__이유빈_260612_제과_문다현,[26.06],F,I,PF혼,전환,콘스낵위크,혜택강조형,고효율,,배너,네컷,한세트만담아도무조건할인.,,이유빈,260612,제과,문다현,84,3,3.5714,2724.0,908,1,2724
2026-06-13,Meta,[저당 바나나콘] 26.05_바나나콘출시_수동_전환_image_전체타겟,혜택강조_콘스낵위크 (~6/18),[26.06]F_I_PF혼_전환_콘스낵위크_혜택강조형_고효율_.배너_담을수록할인은커진다.담을수록싸지는일주일.__이유빈_260612_제과_문다현,[26.06],F,I,PF혼,전환,콘스낵위크,혜택강조형,고효율,,배너,담을수록할인은커진다,담을수록싸지는일주일.,,이유빈,260612,제과,문다현,151,6,3.9735,3164.0,527,2,1582
2026-06-13,Meta,[저당 바나나콘] 26.05_바나나콘출시_수동_전환_image_전체타겟,혜택강조_콘스낵위크 (~6/18),[26.06]F_I_PF혼_전환_콘스낵위크_제품강조형_고효율_.배너_공지문.2만원쿠폰팩안내.한세트만담아도할인.__이유빈_260612_제과_문다현,[26.06],F,I,PF혼,전환,콘스낵위크,제품강조형,고효율,,배너,공지문,2만원쿠폰팩안내.한세트만담아도할인.,,이유빈,260612,제과,문다현,1695,23,1.3569,34011.0,1479,5,6802
2026-06-13,Meta,[저당 바나나콘] 26.05_바나나콘출시_수동_전환_image_전체타겟,혜택강조_콘스낵위크 (~6/18),[26.06]F_I_PF혼_전환_콘스낵위크_혜택강조형_고효율_.배너_매거진형.누구나2만원지급.담을수록커진다.딱지.__이유빈_260612_제과_문다현,[26.06],F,I,PF혼,전환,콘스낵위크,혜택강조형,고효율,,배너,매거진형,누구나2만원지급.담을수록커진다.딱지.,,이유빈,260612,제과,문다현,143,2,1.3986,2801.0,1400,0,0
2026-06-13,Meta,[저당 바나나콘] 26.05_바나나콘출시_수동_전환_image_전체타겟,혜택강조_콘스낵위크 (~6/18),[26.06]F_I_PF혼_전환_콘스낵위크_혜택강조형_고효율_.배너_한세트만담아도무조건할인.7일한정배경.__이유빈_260612_제과_문다현,[26.06],F,I,PF혼,전환,콘스낵위크,혜택강조형,고효율,,배너,한세트만담아도무조건할인,7일한정배경.,,이유빈,260612,제과,문다현,101,3,2.9703,2598.0,866,2,1299
2026-06-13,Meta,[저당 바나나콘] 26.05_바나나콘출시_수동_전환_image_전체타겟,혜택강조_콘스낵위크 (~6/18),[26.06]F_I_PF혼_전환_콘스낵위크_혜택강조형_고효율_.배너_최초2만원쿠폰팩.하나만담아도할인.__이유빈_260612_제과_문다현,[26.06],F,I,PF혼,전환,콘스낵위크,혜택강조형,고효율,,배너,최초2만원쿠폰팩,하나만담아도할인.,,이유빈,260612,제과,문다현,103,5,4.8544,2642.0,528,0,0
2026-06-13,Meta,[저당 바나나콘] 26.05_바나나콘출시_수동_전환_image_전체타겟,혜택강조_콘스낵위크 (~6/18),복제,,,,,,,,,,,,,,,,,,1355,23,1.6974,36324.0,1579,5,7265
2026-06-13,Meta,[저당 바나나콘] 26.05_바나나콘출시_수동_전환_image_전체타겟,혜택강조_콘스낵위크 (~6/18),[26.06]F_I_PF혼_전환_콘스낵위크_제품강조형_고효율_.배너_긴급.담으면담을수록할인폭발.__이유빈_260611_제과_문다현,[26.06],F,I,PF혼,전환,콘스낵위크,제품강조형,고효율,,배너,긴급,담으면담을수록할인폭발.,,이유빈,260611,제과,문다현,12,0,0.0,324.0,0,0,0
2026-06-13,Meta,[저당 바나나콘] 26.05_바나나콘출시_수동_전환_image_전체타겟,혜택강조_콘스낵위크 (~6/18),[26.06]F_I_PF혼_전환_콘스낵위크_혜택강조형_고효율_.배너_죄송합니다.링크없어집니다.__이유빈_260611_제과_문다현,[26.06],F,I,PF혼,전환,콘스낵위크,혜택강조형,고효율,,배너,죄송합니다,링크없어집니다.,,이유빈,260611,제과,문다현,2,0,0.0,119.0,0,0,0
2026-06-13,Meta,[저당 바나나콘] 26.05_바나나콘출시_수동_전환_image_전체타겟,혜택강조_콘스낵위크 (~6/18),[26.06]F_I_PF혼_전환_콘스낵위크_혜택강조형_고효율_.배너_6월18일까지래요.__이유빈_260611_제과_문다현,[26.06],F,I,PF혼,전환,콘스낵위크,혜택강조형,고효율,,배너,6월18일까지래요,,,이유빈,260611,제과,문다현,1066,14,1.3133,27311.0,1951,4,6828
2026-06-13,Meta,[콘스프맛 팝콘] 26.05_콘스프맛팝콘출시_수동_전환_video,관계성네고형(증량)_콘스프맛,[26.06]F_V_PC혼_전환_콘스프맛팝콘출시_네고형_관계성네고형_var2.릴스_맛강조.X_2P_박현지_260612_제과_이미진,[26.06],F,V,PC혼,전환,콘스프맛팝콘출시,네고형,관계성네고형,var2,릴스,맛강조,X,2P,박현지,260612,제과,이미진,171,3,1.7544,2556.0,852,0,0
2026-06-13,Meta,[콘스프맛 팝콘] 26.05_콘스프맛팝콘출시_수동_전환_video,직원리뷰형(증량)_콘스프맛,[26.06]F_V_PC혼_전환_콘스프맛팝콘출시_신규BP_마미케어BP_var1.릴스_본론.짧은버전.X_2P_박현지_260612_제과_이봄1,[26.06],F,V,PC혼,전환,콘스프맛팝콘출시,신규BP,마미케어BP,var1,릴스,본론,짧은버전.X,2P,박현지,260612,제과,이봄1,171,3,1.7544,2765.0,922,1,2765
2026-06-13,Meta,[콘스프맛 팝콘] 26.05_콘스프맛팝콘출시_수동_전환_video,직원리뷰형(증량)_콘스프맛,[26.06]F_V_PC혼_전환_콘스프맛팝콘출시_신규BP_마미케어BP_main.릴스_본론.X_2P_박현지_260612_제과_이봄1,[26.06],F,V,PC혼,전환,콘스프맛팝콘출시,신규BP,마미케어BP,main,릴스,본론,X,2P,박현지,260612,제과,이봄1,115,1,0.8696,2143.0,2143,0,0
2026-06-13,Meta,[콘스프맛 팝콘] 26.05_콘스프맛팝콘출시_수동_전환_video,직원리뷰형(증량)_콘스프맛,[26.06]F_V_PC혼_전환_콘스프맛팝콘출시_신규BP_마미케어BP_var4.릴스_증량후킹.X_2P_박현지_260612_제과_이봄1,[26.06],F,V,PC혼,전환,콘스프맛팝콘출시,신규BP,마미케어BP,var4,릴스,증량후킹,X,2P,박현지,260612,제과,이봄1,182,5,2.7473,6096.0,1219,2,3048
2026-06-13,Meta,[콘스프맛 팝콘] 26.05_콘스프맛팝콘출시_수동_전환_video,직원리뷰형(증량)_콘스프맛,[26.06]F_V_PC혼_전환_콘스프맛팝콘출시_신규BP_마미케어BP_var3.릴스_혜택후킹.X_2P_박현지_260612_제과_이봄1,[26.06],F,V,PC혼,전환,콘스프맛팝콘출시,신규BP,마미케어BP,var3,릴스,혜택후킹,X,2P,박현지,260612,제과,이봄1,193,6,3.1088,4144.0,691,0,0
2026-06-13,Meta,[콘스프맛 팝콘] 26.05_콘스프맛팝콘출시_수동_전환_video,직원리뷰형(증량)_콘스프맛,[26.06]F_V_PC혼_전환_콘스프맛팝콘출시_신규BP_마미케어BP_var2.릴스_맛후킹.X_2P_박현지_260612_제과_이봄1,[26.06],F,V,PC혼,전환,콘스프맛팝콘출시,신규BP,마미케어BP,var2,릴스,맛후킹,X,2P,박현지,260612,제과,이봄1,181,1,0.5525,3637.0,3637,0,0
2026-06-13,Meta,[콘스프맛 팝콘] 26.05_콘스프맛팝콘출시_수동_전환_video,손해강조형_콘스프맛,[26.05]F_V_PC콘_전환_콘스프맛팝콘출시_신규BP_바운스번BP_var7.릴스_(연)강민경.숏.천원.X_4C_박현지_260522_1T_강다빈,[26.05],F,V,PC콘,전환,콘스프맛팝콘출시,신규BP,바운스번BP,var7,릴스,(연)강민경,숏.천원.X,4C,박현지,260522,1T,강다빈,1819,14,0.7697,13820.0,987,1,13820
2026-06-13,Meta,[콘스프맛 팝콘] 26.05_콘스프맛팝콘출시_수동_전환_video,관계성네고형(증량)_콘스프맛,[26.06]F_V_PC혼_전환_콘스프맛팝콘출시_네고형_관계성네고형_main.릴스_악플강조.X_2P_박현지_260612_제과_이미진,[26.06],F,V,PC혼,전환,콘스프맛팝콘출시,네고형,관계성네고형,main,릴스,악플강조,X,2P,박현지,260612,제과,이미진,971,16,1.6478,13513.0,845,2,6756
2026-06-13,Meta,[콘스프맛 팝콘] 26.05_콘스프맛팝콘출시_수동_전환_video,관계성네고형(증량)_콘스프맛,[26.06]F_V_PC혼_전환_콘스프맛팝콘출시_네고형_관계성네고형_var3.릴스_취식강조.X_2P_박현지_260612_제과_이미진,[26.06],F,V,PC혼,전환,콘스프맛팝콘출시,네고형,관계성네고형,var3,릴스,취식강조,X,2P,박현지,260612,제과,이미진,103,1,0.9709,2071.0,2071,0,0
2026-06-13,Meta,[콘스프맛 팝콘] 26.05_콘스프맛팝콘출시_수동_전환_video,관계성네고형(증량)_콘스프맛,[26.06]F_V_PC혼_전환_콘스프맛팝콘출시_네고형_관계성네고형_var1.릴스_증량강조.X_2P_박현지_260612_제과_이미진,[26.06],F,V,PC혼,전환,콘스프맛팝콘출시,네고형,관계성네고형,var1,릴스,증량강조,X,2P,박현지,260612,제과,이미진,146,0,0.0,2221.0,0,0,0
2026-06-13,Meta,[콘스프맛 팝콘] 26.05_콘스프맛팝콘출시_수동_전환_video,관계성네고형(증량)_콘스프맛,[26.06]F_V_PC혼_전환_콘스프맛팝콘출시_네고형_관계성네고형_var4.릴스_공통시작.X_2P_박현지_260612_제과_이미진,[26.06],F,V,PC혼,전환,콘스프맛팝콘출시,네고형,관계성네고형,var4,릴스,공통시작,X,2P,박현지,260612,제과,이미진,58,3,5.1724,1391.0,464,1,1391
2026-06-13,Meta,[콘스프맛 팝콘] 26.05_콘스프맛팝콘출시_수동_전환_video,네고형_콘스프맛_(통합),[26.05]F_V_PC콘_전환_콘스프맛팝콘출시_네고형_공구네고형_main.릴스_공통.(연)강민경.고현정.슬기.X_4C_박현지_260515_1T_강경연,[26.05],F,V,PC콘,전환,콘스프맛팝콘출시,네고형,공구네고형,main,릴스,공통,(연)강민경.고현정.슬기.X,4C,박현지,260515,1T,강경연,18004,356,1.9773,221654.0,623,40,5541
2026-06-13,Meta,[콘스프맛 팝콘] 26.05_콘스프맛팝콘출시_수동_전환_video,지인네고형_콘스프맛,[26.05]F_V_PC콘_전환_콘스프맛팝콘출시_네고형_지인네고형_main.릴스_본론.X_4C_이유빈_260506_1T_강다빈,[26.05],F,V,PC콘,전환,콘스프맛팝콘출시,네고형,지인네고형,main,릴스,본론,X,4C,이유빈,260506,1T,강다빈,2653,23,0.8669,34946.0,1519,2,17473
2026-06-13,Meta,(마스터ASC)[저당 바나나콘] 26.05_바나나콘출시_ASC_전환_image,(마스터ASC)[저당 바나나콘] 26.05_바나나콘출시_ASC_전환_image,[26.06]F_I_PF혼_전환_콘스낵위크_혜택강조형_고효율_.배너_2만원쿠폰팩받고시작.__이유빈_260611_제과_문다현,[26.06],F,I,PF혼,전환,콘스낵위크,혜택강조형,고효율,,배너,2만원쿠폰팩받고시작,,,이유빈,260611,제과,문다현,102,2,1.9608,2956.0,1478,0,0
2026-06-13,Meta,(마스터ASC)[저당 바나나콘] 26.05_바나나콘출시_ASC_전환_image,(마스터ASC)[저당 바나나콘] 26.05_바나나콘출시_ASC_전환_image,[26.06]F_I_PF혼_전환_콘스낵위크_혜택강조형_고효율_.배너_2만원쿠폰팩.다시는없어요배리.__이유빈_260611_제과_문다현,[26.06],F,I,PF혼,전환,콘스낵위크,혜택강조형,고효율,,배너,2만원쿠폰팩,다시는없어요배리.,,이유빈,260611,제과,문다현,78,3,3.8462,3144.0,1048,0,0
2026-06-13,Meta,(마스터ASC)[저당 바나나콘] 26.05_바나나콘출시_ASC_전환_image,(마스터ASC)[저당 바나나콘] 26.05_바나나콘출시_ASC_전환_image,[26.06]F_I_PF혼_전환_콘스낵위크_혜택강조형_고효율_.배너_역대최대2만원쿠폰팩.__이유빈_260611_제과_문다현,[26.06],F,I,PF혼,전환,콘스낵위크,혜택강조형,고효율,,배너,역대최대2만원쿠폰팩,,,이유빈,260611,제과,문다현,413,3,0.7264,6142.0,2047,1,6142
2026-06-13,Meta,(마스터ASC)[저당 바나나콘] 26.05_바나나콘출시_ASC_전환_image,(마스터ASC)[저당 바나나콘] 26.05_바나나콘출시_ASC_전환_image,[26.06]F_I_PF혼_전환_콘스낵위크_제품강조형_고효율_.배너_스토리형.깜짝놀랐어요.__이유빈_260611_제과_문다현,[26.06],F,I,PF혼,전환,콘스낵위크,제품강조형,고효율,,배너,스토리형,깜짝놀랐어요.,,이유빈,260611,제과,문다현,323,3,0.9288,5359.0,1786,0,0
2026-06-13,Meta,(마스터ASC)[저당 바나나콘] 26.05_바나나콘출시_ASC_전환_image,(마스터ASC)[저당 바나나콘] 26.05_바나나콘출시_ASC_전환_image,[26.06]F_I_PF혼_전환_콘스낵위크_혜택강조형_고효율_.배너_급구.최초행사탑승할분.__이유빈_260611_제과_문다현,[26.06],F,I,PF혼,전환,콘스낵위크,혜택강조형,고효율,,배너,급구,최초행사탑승할분.,,이유빈,260611,제과,문다현,275,10,3.6364,8366.0,837,0,0
2026-06-13,Meta,(마스터ASC)[저당 바나나콘] 26.05_바나나콘출시_ASC_전환_image,(마스터ASC)[저당 바나나콘] 26.05_바나나콘출시_ASC_전환_image,[26.06]F_I_PF혼_전환_콘스낵위크_제품강조형_고효율_.배너_긴급.담으면담을수록할인폭발.__이유빈_260611_제과_문다현,[26.06],F,I,PF혼,전환,콘스낵위크,제품강조형,고효율,,배너,긴급,담으면담을수록할인폭발.,,이유빈,260611,제과,문다현,519,6,1.1561,12052.0,2009,0,0
2026-06-13,Meta,(마스터ASC)[저당 바나나콘] 26.05_바나나콘출시_ASC_전환_image,(마스터ASC)[저당 바나나콘] 26.05_바나나콘출시_ASC_전환_image,[26.06]F_I_PF혼_전환_콘스낵위크_혜택강조형_고효율_.배너_한세트만담아도무조건할인.7일한정배경.__이유빈_260612_제과_문다현,[26.06],F,I,PF혼,전환,콘스낵위크,혜택강조형,고효율,,배너,한세트만담아도무조건할인,7일한정배경.,,이유빈,260612,제과,문다현,42,1,2.381,967.0,967,0,0
2026-06-13,Meta,(마스터ASC)[저당 바나나콘] 26.05_바나나콘출시_ASC_전환_image,(마스터ASC)[저당 바나나콘] 26.05_바나나콘출시_ASC_전환_image,[26.06]F_I_PF혼_전환_콘스낵위크_혜택강조형_고효율_.배너_최초2만원쿠폰팩.하나만담아도할인.__이유빈_260612_제과_문다현,[26.06],F,I,PF혼,전환,콘스낵위크,혜택강조형,고효율,,배너,최초2만원쿠폰팩,하나만담아도할인.,,이유빈,260612,제과,문다현,133,3,2.2556,2950.0,983,0,0
2026-06-13,Meta,(마스터ASC)[저당 바나나콘] 26.05_바나나콘출시_ASC_전환_image,(마스터ASC)[저당 바나나콘] 26.05_바나나콘출시_ASC_전환_image,[26.06]F_I_PF혼_전환_콘스낵위크_제품강조형_고효율_.배너_마진포기.담을수록커지는.2만원쿠폰팩.__이유빈_260612_제과_문다현,[26.06],F,I,PF혼,전환,콘스낵위크,제품강조형,고효율,,배너,마진포기,담을수록커지는.2만원쿠폰팩.,,이유빈,260612,제과,문다현,68,4,5.8824,1347.0,337,0,0
2026-06-13,Meta,(마스터ASC)[저당 바나나콘] 26.05_바나나콘출시_ASC_전환_image,(마스터ASC)[저당 바나나콘] 26.05_바나나콘출시_ASC_전환_image,[26.06]F_I_PF혼_전환_콘스낵위크_혜택강조형_고효율_.배너_일주일만마진포기.쟁임컷.담을수록커지는.__이유빈_260612_제과_문다현,[26.06],F,I,PF혼,전환,콘스낵위크,혜택강조형,고효율,,배너,일주일만마진포기,쟁임컷.담을수록커지는.,,이유빈,260612,제과,문다현,903,22,2.4363,23667.0,1076,4,5917
2026-06-13,Meta,(마스터ASC)[저당 바나나콘] 26.05_바나나콘출시_ASC_전환_image,(마스터ASC)[저당 바나나콘] 26.05_바나나콘출시_ASC_전환_image,[26.06]F_I_PF혼_전환_콘스낵위크_제품강조형_고효율_.배너_긴급공지올립니다.담을수록할인업.할인액상승화살표.__이유빈_260612_제과_문다현,[26.06],F,I,PF혼,전환,콘스낵위크,제품강조형,고효율,,배너,긴급공지올립니다,담을수록할인업.할인액상승화살표.,,이유빈,260612,제과,문다현,7,0,0.0,163.0,0,0,0
2026-06-13,Meta,(마스터ASC)[저당 바나나콘] 26.05_바나나콘출시_ASC_전환_image,(마스터ASC)[저당 바나나콘] 26.05_바나나콘출시_ASC_전환_image,[26.06]F_I_PF혼_전환_콘스낵위크_제품강조형_고효율_.배너_공지문.2만원쿠폰팩안내.한세트만담아도할인.__이유빈_260612_제과_문다현,[26.06],F,I,PF혼,전환,콘스낵위크,제품강조형,고효율,,배너,공지문,2만원쿠폰팩안내.한세트만담아도할인.,,이유빈,260612,제과,문다현,101,0,0.0,1684.0,0,0,0
2026-06-13,Meta,(마스터ASC)[저당 바나나콘] 26.05_바나나콘출시_ASC_전환_image,(마스터ASC)[저당 바나나콘] 26.05_바나나콘출시_ASC_전환_image,[26.06]F_I_PF혼_전환_콘스낵위크_혜택강조형_고효율_.배너_네컷.한세트만담아도무조건할인.__이유빈_260612_제과_문다현,[26.06],F,I,PF혼,전환,콘스낵위크,혜택강조형,고효율,,배너,네컷,한세트만담아도무조건할인.,,이유빈,260612,제과,문다현,27,0,0.0,587.0,0,0,0
2026-06-13,Meta,(마스터ASC)[저당 바나나콘] 26.05_바나나콘출시_ASC_전환_image,(마스터ASC)[저당 바나나콘] 26.05_바나나콘출시_ASC_전환_image,[26.06]F_I_PF혼_전환_콘스낵위크_혜택강조형_고효율_.배너_담을수록할인은커진다.담을수록싸지는일주일.__이유빈_260612_제과_문다현,[26.06],F,I,PF혼,전환,콘스낵위크,혜택강조형,고효율,,배너,담을수록할인은커진다,담을수록싸지는일주일.,,이유빈,260612,제과,문다현,26,0,0.0,546.0,0,0,0
2026-06-13,Meta,(마스터ASC)[저당 바나나콘] 26.05_바나나콘출시_ASC_전환_image,(마스터ASC)[저당 바나나콘] 26.05_바나나콘출시_ASC_전환_image,[26.06]F_I_PF혼_전환_콘스낵위크_혜택강조형_고효율_.배너_모든분들.하나만담아도.쿠폰팩딱지.__이유빈_260612_제과_문다현,[26.06],F,I,PF혼,전환,콘스낵위크,혜택강조형,고효율,,배너,모든분들,하나만담아도.쿠폰팩딱지.,,이유빈,260612,제과,문다현,27,0,0.0,1353.0,0,0,0
2026-06-13,Meta,(마스터ASC)[저당 바나나콘] 26.05_바나나콘출시_ASC_전환_image,(마스터ASC)[저당 바나나콘] 26.05_바나나콘출시_ASC_전환_image,[26.06]F_I_PF혼_전환_콘스낵위크_혜택강조형_고효율_.배너_매거진형.누구나2만원지급.담을수록커진다.딱지.__이유빈_260612_제과_문다현,[26.06],F,I,PF혼,전환,콘스낵위크,혜택강조형,고효율,,배너,매거진형,누구나2만원지급.담을수록커진다.딱지.,,이유빈,260612,제과,문다현,40,0,0.0,1083.0,0,0,0
2026-06-13,Meta,(마스터ASC)[저당 바나나콘] 26.05_바나나콘출시_ASC_전환_image,(마스터ASC)[저당 바나나콘] 26.05_바나나콘출시_ASC_전환_image,[26.06]F_I_PF혼_전환_콘스낵위크_혜택강조형_고효율_.배너_쌀때쟁이세요.__이유빈_260611_제과_문다현,[26.06],F,I,PF혼,전환,콘스낵위크,혜택강조형,고효율,,배너,쌀때쟁이세요,,,이유빈,260611,제과,문다현,8,0,0.0,151.0,0,0,0
2026-06-13,Meta,(마스터ASC)[저당 바나나콘] 26.05_바나나콘출시_ASC_전환_image,(마스터ASC)[저당 바나나콘] 26.05_바나나콘출시_ASC_전환_image,[26.06]F_I_PF혼_전환_콘스낵위크_제품강조형_고효율_.배너_2만원쿠폰팩.좌측글자.우측이미지.__이유빈_260611_제과_문다현,[26.06],F,I,PF혼,전환,콘스낵위크,제품강조형,고효율,,배너,2만원쿠폰팩,좌측글자.우측이미지.,,이유빈,260611,제과,문다현,327,7,2.1407,7840.0,1120,2,3920
2026-06-13,Meta,(마스터ASC)[저당 바나나콘] 26.05_바나나콘출시_ASC_전환_image,(마스터ASC)[저당 바나나콘] 26.05_바나나콘출시_ASC_전환_image,[26.06]F_I_PF혼_전환_콘스낵위크_혜택강조형_고효율_.배너_미리구매하신분들죄송합니다.__이유빈_260611_제과_문다현,[26.06],F,I,PF혼,전환,콘스낵위크,혜택강조형,고효율,,배너,미리구매하신분들죄송합니다,,,이유빈,260611,제과,문다현,135,1,0.7407,4183.0,4183,0,0
2026-06-13,Meta,(마스터ASC)[저당 바나나콘] 26.05_바나나콘출시_ASC_전환_image,(마스터ASC)[저당 바나나콘] 26.05_바나나콘출시_ASC_전환_image,[26.06]F_I_PF혼_전환_콘스낵위크_혜택강조형_고효율_.배너_6월18일까지래요.__이유빈_260611_제과_문다현,[26.06],F,I,PF혼,전환,콘스낵위크,혜택강조형,고효율,,배너,6월18일까지래요,,,이유빈,260611,제과,문다현,573,6,1.0471,15899.0,2650,0,0
2026-06-13,Meta,(마스터ASC) [콘스프맛 팝콘] 26.05_콘스프맛팝콘출시_ASC_전환_video_지인네고형,(마스터ASC)[콘스프맛 팝콘] 26.05_콘스프맛팝콘출시_ASC_전환_video,[26.05]F_V_PC콘_전환_콘스프맛팝콘출시_인플루언서형_인플루언서형_var2.릴스_단짠강조.형민PJ1_3C_박현지_260506_3T_이수민,[26.05],F,V,PC콘,전환,콘스프맛팝콘출시,인플루언서형,인플루언서형,var2,릴스,단짠강조,형민PJ1,3C,박현지,260506,3T,이수민,235,5,2.1277,3393.0,679,0,0
2026-06-13,Meta,(마스터ASC) [콘스프맛 팝콘] 26.05_콘스프맛팝콘출시_ASC_전환_video_지인네고형,(마스터ASC)[콘스프맛 팝콘] 26.05_콘스프맛팝콘출시_ASC_전환_video,[26.05]F_V_PC콘_전환_콘스프맛팝콘출시_네고형_공구네고형_var2.릴스_맛후킹.(연)강민경.고현정.슬기.X_4C_박현지_260515_1T_강경연,[26.05],F,V,PC콘,전환,콘스프맛팝콘출시,네고형,공구네고형,var2,릴스,맛후킹,(연)강민경.고현정.슬기.X,4C,박현지,260515,1T,강경연,210,3,1.4286,2199.0,733,0,0
2026-06-13,Meta,(마스터ASC) [콘스프맛 팝콘] 26.05_콘스프맛팝콘출시_ASC_전환_video_지인네고형,(마스터ASC)[콘스프맛 팝콘] 26.05_콘스프맛팝콘출시_ASC_전환_video,[26.05]F_V_PC콘_전환_콘스프맛팝콘출시_ai형_네고형_var4.릴스_(모델)김똘똘.(연)강민경.고현정.측면.형민PJ1_3C_이유빈_260519_3T_문형민,[26.05],F,V,PC콘,전환,콘스프맛팝콘출시,ai형,네고형,var4,릴스,(모델)김똘똘,(연)강민경.고현정.측면.형민PJ1,3C,이유빈,260519,3T,문형민,5,0,0.0,78.0,0,0,0
2026-06-13,Meta,(마스터ASC) [콘스프맛 팝콘] 26.05_콘스프맛팝콘출시_ASC_전환_video_지인네고형,(마스터ASC)[콘스프맛 팝콘] 26.05_콘스프맛팝콘출시_ASC_전환_video,[26.06]F_V_PC콘_전환_콘스프맛팝콘출시_네고형_관계성네고형_var2.릴스_의도혜택후킹.(연)고현정.슬기.X_1P_박현지_260602_제과_강경연,[26.06],F,V,PC콘,전환,콘스프맛팝콘출시,네고형,관계성네고형,var2,릴스,의도혜택후킹,(연)고현정.슬기.X,1P,박현지,260602,제과,강경연,3628,48,1.323,61621.0,1284,8,7703
2026-06-13,Meta,[주말 특가] 26.05_팝콘주말특가_ASC_전환_image,[주말특가] 26.05_팝콘주말특가_ASC_전환_image,[26.06]F_I_PF혼_전환_팝콘주말특가_혜택강조형__.배너_평일주말비교.주말한정주말한정.__박현지_260611_제과_김수정,[26.06],F,I,PF혼,전환,팝콘주말특가,혜택강조형,,,배너,평일주말비교,주말한정주말한정.,,박현지,260611,제과,김수정,5,0,0.0,135.0,0,0,0
2026-06-13,Meta,[주말 특가] 26.05_팝콘주말특가_ASC_전환_image,[주말특가] 26.05_팝콘주말특가_ASC_전환_image,[26.06]F_I_PF혼_전환_팝콘주말특가_혜택강조형__.배너_악플.사과문.__박현지_260611_제과_김수정,[26.06],F,I,PF혼,전환,팝콘주말특가,혜택강조형,,,배너,악플,사과문.,,박현지,260611,제과,김수정,318,5,1.5723,5292.0,1058,0,0
2026-06-13,Meta,[주말 특가] 26.05_팝콘주말특가_ASC_전환_image,[주말특가] 26.05_팝콘주말특가_ASC_전환_image,[26.06]F_I_PF혼_전환_팝콘주말특가_혜택강조형__.배너_그외.금토일동안만.__박현지_260611_제과_김수정,[26.06],F,I,PF혼,전환,팝콘주말특가,혜택강조형,,,배너,그외,금토일동안만.,,박현지,260611,제과,김수정,4,0,0.0,102.0,0,0,0
2026-06-13,Meta,[주말 특가] 26.05_팝콘주말특가_ASC_전환_image,[주말특가] 26.05_팝콘주말특가_ASC_전환_image,[26.06]F_I_PF혼_전환_팝콘주말특가_혜택강조형__.배너_평일주말비교.영수증.__박현지_260611_제과_김수정,[26.06],F,I,PF혼,전환,팝콘주말특가,혜택강조형,,,배너,평일주말비교,영수증.,,박현지,260611,제과,김수정,75,6,8.0,1086.0,181,1,1086
2026-06-13,Meta,[주말 특가] 26.05_팝콘주말특가_ASC_전환_image,[주말특가] 26.05_팝콘주말특가_ASC_전환_image,[26.06]F_I_PF혼_전환_팝콘주말특가_혜택강조형__.배너_평일주말비교.주말지나면추가할인사라져요.__박현지_260611_제과_김수정,[26.06],F,I,PF혼,전환,팝콘주말특가,혜택강조형,,,배너,평일주말비교,주말지나면추가할인사라져요.,,박현지,260611,제과,김수정,48,0,0.0,567.0,0,0,0
2026-06-13,Meta,[주말 특가] 26.05_팝콘주말특가_ASC_전환_image,[주말특가] 26.05_팝콘주말특가_ASC_전환_image,[26.06]F_I_PF혼_전환_팝콘주말특가_혜택강조형__.배너_평일주말비교.다시는없어요.__박현지_260611_제과_김수정,[26.06],F,I,PF혼,전환,팝콘주말특가,혜택강조형,,,배너,평일주말비교,다시는없어요.,,박현지,260611,제과,김수정,139,2,1.4388,1628.0,814,0,0
2026-06-13,Meta,[주말 특가] 26.05_팝콘주말특가_ASC_전환_image,[주말특가] 26.05_팝콘주말특가_ASC_전환_image,[26.06]F_I_PF혼_전환_팝콘주말특가_혜택강조형__.배너_악플.스토리형.__박현지_260611_제과_김수정,[26.06],F,I,PF혼,전환,팝콘주말특가,혜택강조형,,,배너,악플,스토리형.,,박현지,260611,제과,김수정,13,0,0.0,534.0,0,0,0
2026-06-13,Meta,[주말 특가] 26.05_팝콘주말특가_ASC_전환_image,[주말특가] 26.05_팝콘주말특가_ASC_전환_image,[26.06]F_I_PF혼_전환_팝콘주말특가_혜택강조형__.배너_악플.이번엔진짜주말만.__박현지_260611_제과_김수정,[26.06],F,I,PF혼,전환,팝콘주말특가,혜택강조형,,,배너,악플,이번엔진짜주말만.,,박현지,260611,제과,김수정,8,0,0.0,427.0,0,0,0
2026-06-13,Meta,[주말 특가] 26.05_팝콘주말특가_ASC_전환_image,[주말특가] 26.05_팝콘주말특가_ASC_전환_image,[26.06]F_I_PC혼_전환_팝콘주말특가_혜택강조형__.배너_페인포인트해소.이미구매하신분들죄송.__박현지_260612_제과_김수정 - 사본,[26.06],F,I,PC혼,전환,팝콘주말특가,혜택강조형,,,배너,페인포인트해소,이미구매하신분들죄송.,,박현지,260612,제과,김수정 - 사본,9,1,11.1111,206.0,206,0,0
2026-06-13,Meta,[주말 특가] 26.05_팝콘주말특가_ASC_전환_image,[주말특가] 26.05_팝콘주말특가_ASC_전환_image,[26.06]F_I_PC혼_전환_팝콘주말특가_혜택강조형__._페인포인트해소.주말만10%추가할인박스규모.__박현지_260612_제과_김수정 - 사본,[26.06],F,I,PC혼,전환,팝콘주말특가,혜택강조형,,,,페인포인트해소,주말만10%추가할인박스규모.,,박현지,260612,제과,김수정 - 사본,2,0,0.0,51.0,0,0,0
2026-06-13,Meta,[주말 특가] 26.05_팝콘주말특가_ASC_전환_image,[주말특가] 26.05_팝콘주말특가_ASC_전환_image,[26.06]F_I_PC혼_전환_팝콘주말특가_혜택강조형__._페인포인트해소.긴급지금입니다.__박현지_260612_제과_김수정 - 사본,[26.06],F,I,PC혼,전환,팝콘주말특가,혜택강조형,,,,페인포인트해소,긴급지금입니다.,,박현지,260612,제과,김수정 - 사본,28,0,0.0,676.0,0,0,0
2026-06-13,Meta,[주말 특가] 26.05_팝콘주말특가_ASC_전환_image,[주말특가] 26.05_팝콘주말특가_ASC_전환_image,[26.06]F_I_PC혼_전환_팝콘주말특가_혜택강조형__._페인포인트해소.주말만10%추가할인.__박현지_260612_제과_김수정 - 사본,[26.06],F,I,PC혼,전환,팝콘주말특가,혜택강조형,,,,페인포인트해소,주말만10%추가할인.,,박현지,260612,제과,김수정 - 사본,4,0,0.0,145.0,0,0,0
2026-06-13,Meta,[주말 특가] 26.05_팝콘주말특가_ASC_전환_image,[주말특가] 26.05_팝콘주말특가_ASC_전환_image,[26.06]F_I_PC혼_전환_팝콘주말특가_혜택강조형__._페인포인트해소.간식값절반.__박현지_260612_제과_김수정 - 사본,[26.06],F,I,PC혼,전환,팝콘주말특가,혜택강조형,,,,페인포인트해소,간식값절반.,,박현지,260612,제과,김수정 - 사본,49,0,0.0,1755.0,0,0,0
2026-06-13,Meta,[주말 특가] 26.05_팝콘주말특가_ASC_전환_image,[주말특가] 26.05_팝콘주말특가_ASC_전환_image,[26.05]F_I_제혼_전환_팝콘주말특가_혜택강조형_혜택.100_.배너_혜택O.다음주부터인상.블랙배경.10%추가할인_확장_박현지_260529_2셀_오혜정,[26.05],F,I,제혼,전환,팝콘주말특가,혜택강조형,혜택.100,,배너,혜택O,다음주부터인상.블랙배경.10%추가할인,확장,박현지,260529,2셀,오혜정,162,6,3.7037,4080.0,680,0,0
2026-06-13,Meta,[주말 특가] 26.05_팝콘주말특가_ASC_전환_image,[주말특가] 26.05_팝콘주말특가_ASC_전환_image,[26.05]F_I_제혼_전환_팝콘주말특가_혜택강조형_혜택.100_.배너_혜택O.다시는없어요.10%추가할인_확장_박현지_260529_2셀_오혜정,[26.05],F,I,제혼,전환,팝콘주말특가,혜택강조형,혜택.100,,배너,혜택O,다시는없어요.10%추가할인,확장,박현지,260529,2셀,오혜정,26,0,0.0,350.0,0,0,0
2026-06-13,Meta,[주말 특가] 26.05_팝콘주말특가_ASC_전환_image,[주말특가] 26.05_팝콘주말특가_ASC_전환_image,[26.05]F_I_제혼_전환_팝콘주말특가_혜택강조형_혜택.100_.배너_혜택O.비밀링크라서.안나와요.10%추가할인_확장_박현지_260529_2셀_오혜정,[26.05],F,I,제혼,전환,팝콘주말특가,혜택강조형,혜택.100,,배너,혜택O,비밀링크라서.안나와요.10%추가할인,확장,박현지,260529,2셀,오혜정,62,1,1.6129,928.0,928,0,0
2026-06-13,Meta,[주말 특가] 26.05_팝콘주말특가_ASC_전환_image,[주말특가] 26.05_팝콘주말특가_ASC_전환_image,[26.05]F_I_제혼_전환_팝콘주말특가_혜택강조형_혜택.100_.배너_혜택O.비밀링크확률.퍼센트..10%추가할인_확장_박현지_260529_2셀_오혜정,[26.05],F,I,제혼,전환,팝콘주말특가,혜택강조형,혜택.100,,배너,혜택O,비밀링크확률.퍼센트..10%추가할인,확장,박현지,260529,2셀,오혜정,39,2,5.1282,758.0,379,0,0
2026-06-13,Meta,(마스터ASC)[저당 바나나콘] 26.05_바나나콘출시_ASC_전환_video,(마스터ASC)[저당 바나나콘] 26.05_바나나콘출시_ASC_전환_video,[26.06]F_V_PF혼_전환_콘스낵위크_네고형_악플네고형_var2.릴스_혜택.슬기.X_1P_최나영_260611_제과_피재은,[26.06],F,V,PF혼,전환,콘스낵위크,네고형,악플네고형,var2,릴스,혜택,슬기.X,1P,최나영,260611,제과,피재은,460,19,4.1304,6745.0,355,0,0
2026-06-13,Meta,(마스터ASC)[저당 바나나콘] 26.05_바나나콘출시_ASC_전환_video,(마스터ASC)[저당 바나나콘] 26.05_바나나콘출시_ASC_전환_video,[26.06]F_V_PF혼_전환_콘스낵위크_네고형_악플네고형_main.릴스_메인.슬기.X_1P_최나영_260611_제과_피재은,[26.06],F,V,PF혼,전환,콘스낵위크,네고형,악플네고형,main,릴스,메인,슬기.X,1P,최나영,260611,제과,피재은,1715,50,2.9155,20374.0,407,3,6791
2026-06-13,Meta,(마스터ASC)[저당 바나나콘] 26.05_바나나콘출시_ASC_전환_video,(마스터ASC)[저당 바나나콘] 26.05_바나나콘출시_ASC_전환_video,[26.06]F_V_PF혼_전환_콘스낵위크_네고형_악플네고형_var3.릴스_사과.슬기.X_1P_최나영_260611_제과_피재은,[26.06],F,V,PF혼,전환,콘스낵위크,네고형,악플네고형,var3,릴스,사과,슬기.X,1P,최나영,260611,제과,피재은,4,0,0.0,48.0,0,0,0
2026-06-13,Meta,(마스터ASC)[저당 바나나콘] 26.05_바나나콘출시_ASC_전환_video,(마스터ASC)[저당 바나나콘] 26.05_바나나콘출시_ASC_전환_video,[26.06]F_V_PF혼_전환_콘스낵위크_네고형_악플네고형_var1.릴스_bp그대로.슬기.X_1P_최나영_260611_제과_피재은,[26.06],F,V,PF혼,전환,콘스낵위크,네고형,악플네고형,var1,릴스,bp그대로,슬기.X,1P,최나영,260611,제과,피재은,9,0,0.0,100.0,0,0,0
2026-06-13,Meta,(마스터ASC)[저당 바나나콘] 26.05_바나나콘출시_ASC_전환_video,(마스터ASC)[저당 바나나콘] 26.05_바나나콘출시_ASC_전환_video,[26.05]F_V_PF나_전환_바나나콘출시_네고형_전화네고형_main.릴스_공통.슬기.형민PJ1_3C_최나영_260522_3T_정요한,[26.05],F,V,PF나,전환,바나나콘출시,네고형,전화네고형,main,릴스,공통,슬기.형민PJ1,3C,최나영,260522,3T,정요한,83,1,1.2048,1131.0,1131,0,0
2026-06-13,Meta,(마스터ASC)[저당 바나나콘] 26.05_바나나콘출시_ASC_전환_video,(마스터ASC)[저당 바나나콘] 26.05_바나나콘출시_ASC_전환_video,[26.05]F_V_PF나_전환_바나나콘출시_네고형_네고형_var2.릴스_전화네고형이식.슬기.형민PJ1_3C_최나영_260522_3T_이수민,[26.05],F,V,PF나,전환,바나나콘출시,네고형,네고형,var2,릴스,전화네고형이식,슬기.형민PJ1,3C,최나영,260522,3T,이수민,628,9,1.4331,7878.0,875,2,3939
2026-06-13,Meta,(마스터ASC)[저당 바나나콘] 26.05_바나나콘출시_ASC_전환_video,(마스터ASC)[저당 바나나콘] 26.05_바나나콘출시_ASC_전환_video,[26.05]F_V_PF나_전환_바나나콘출시_인플루언서형_인플루언서형_var1.릴스_토피넛콘2탄.형민PJ1_3C_최나영_260522_3T_이수민,[26.05],F,V,PF나,전환,바나나콘출시,인플루언서형,인플루언서형,var1,릴스,토피넛콘2탄,형민PJ1,3C,최나영,260522,3T,이수민,38,0,0.0,636.0,0,0,0
2026-06-13,Meta,(마스터ASC)[저당 바나나콘] 26.05_바나나콘출시_ASC_전환_video,(마스터ASC)[저당 바나나콘] 26.05_바나나콘출시_ASC_전환_video,[26.05]F_V_PF혼_전환_바나나콘출시_네고형_공구네고형_var3.릴스_혜택강조.X_3C_박현지_260529_3T_정요한,[26.05],F,V,PF혼,전환,바나나콘출시,네고형,공구네고형,var3,릴스,혜택강조,X,3C,박현지,260529,3T,정요한,504,11,2.1825,9979.0,907,1,9979
